2	5187509869	Fri Oct 04 05:47:33 PDT 2024	NO_QUERY	jamesjeremy	@weberjames Nothing special ...
0	7315805193	Wed Mar 09 18:35:12 PDT 2022	NO_QUERY	powelllisa	@dean16 I hate this :(
4	1592901060	Fri Jun 23 20:28:34 PDT 2023	NO_QUERY	sguzman	@wstewart Reliable and fast #147 :)
4	3931245021	Sat May 08 20:03:12 PDT 2021	NO_QUERY	cynthiajordan	@paulhorton A delight :)
0	9543027984	Fri Dec 30 06:18:24 PDT 2022	NO_QUERY	stephen30	@scott88 So bad #106 :(
0	1146816549	Fri Jan 08 07:40:24 PDT 2021	NO_QUERY	tmccormick	@morgan77 Hated the interface #73 :(
0	9041262363	Sat May 15 01:53:56 PDT 2021	NO_QUERY	jessicataylor	@sjones Major letdown #143 :(
0	3958099020	Sun Jan 26 01:13:28 PDT 2025	NO_QUERY	stephanie26	@jennifer35 I regret this :(
0	6488842859	Sun Aug 29 12:34:48 PDT 2021	NO_QUERY	franciscolloyd	@martineztom Horrible support #117 :(
4	2841631359	Tue Apr 28 00:15:45 PDT 2020	NO_QUERY	twilliams	@davisjerry So much fun #74 :)
4	2363802666	Mon Oct 02 11:29:22 PDT 2023	NO_QUERY	millerdrew	@perezadam Loved it #123 :)
0	3958037691	Mon Aug 02 01:59:22 PDT 2021	NO_QUERY	briggsjeremy	@lturner Major letdown #143 :(
2	8988404083	Thu Mar 26 01:10:27 PDT 2020	NO_QUERY	jon76	@emilybowman Nothing special #51 ...
0	6274390813	Tue Nov 15 08:33:15 PDT 2022	NO_QUERY	ksnow	@wmoore Bad design #120 :(
2	3558594604	Thu Nov 30 01:55:16 PDT 2023	NO_QUERY	eric82	@tpoole Unchanged #83 ...
2	1745648810	Thu Aug 05 15:10:21 PDT 2021	NO_QUERY	selenanelson	@nicolegoodman Mildly acceptable #62 ...
0	6421390708	Fri Aug 06 00:45:00 PDT 2021	NO_QUERY	kathryn80	@sboyer Major letdown #93 :(
4	1589746722	Sat Jun 08 20:12:21 PDT 2024	NO_QUERY	linda31	@jray Outstanding #167 :)
0	5267835509	Wed Nov 11 21:12:22 PDT 2020	NO_QUERY	ethan28	@williamsvanessa Bad design #120 :(
2	5842989511	Wed Apr 19 22:31:26 PDT 2023	NO_QUERY	stanley18	@brandon85 Meh #55 ...
0	3540266791	Mon Aug 08 21:00:03 PDT 2022	NO_QUERY	jlozano	@richard92 Disgusting #115 :(
4	5786365730	Mon May 30 13:51:48 PDT 2022	NO_QUERY	jacksonluis	@lynnking Loved it :)
0	2452314407	Fri Feb 10 05:24:22 PDT 2023	NO_QUERY	fernandezkelly	@pramirez Hated every moment :(
2	8819030904	Sun Dec 17 13:27:48 PDT 2023	NO_QUERY	tgreer	@brucetaylor Routine #80 ...
4	5691108980	Sat May 28 14:46:25 PDT 2022	NO_QUERY	kday	@uwatkins Very pleased :)
4	9719535457	Thu Nov 21 09:18:45 PDT 2024	NO_QUERY	jessica21	@asalas So impressive :)
2	7314891991	Tue May 04 10:46:53 PDT 2021	NO_QUERY	eric72	@ashley84 Standard experience #61 ...
0	4013921604	Sat Jan 22 02:38:34 PDT 2022	NO_QUERY	michael37	@derrick81 Horrible support #117 :(
0	3676876280	Mon Feb 19 23:54:22 PDT 2024	NO_QUERY	ofigueroa	@theodore93 Awful experience #152 :(
0	1142590565	Sat Nov 30 07:52:37 PDT 2024	NO_QUERY	donald91	@williamsjonathan Horrible support :(
2	5673083350	Sat Feb 12 04:21:44 PDT 2022	NO_QUERY	monicagomez	@washingtonchelsea No surprises ...
0	4960178511	Fri Jun 30 13:50:57 PDT 2023	NO_QUERY	combsgeorge	@ronaldsanchez This is terrible #151 :(
2	3575311243	Tue Feb 08 08:09:24 PDT 2022	NO_QUERY	tyler91	@singhdarlene Meh #105 ...
4	2577104266	Tue Aug 27 11:18:03 PDT 2024	NO_QUERY	alevy	@lparker Reliable and fast #147 :)
4	9223804840	Sun Feb 11 12:10:35 PDT 2024	NO_QUERY	stephaniesanchez	@unelson So much fun :)
4	4552001737	Sun Oct 08 02:13:04 PDT 2023	NO_QUERY	uvega	@xdudley Absolutely love it #138 :)
2	2096198219	Thu Oct 01 03:32:01 PDT 2020	NO_QUERY	joseph26	@jonathanwong Plain #78 ...
4	3507355662	Mon Aug 31 13:31:51 PDT 2020	NO_QUERY	melissa91	@taylorcatherine Couldn't be better #63 :)
2	3047832479	Tue Dec 03 05:35:32 PDT 2024	NO_QUERY	awest	@jesse28 Standard experience ...
2	9757780776	Wed Mar 03 05:12:16 PDT 2021	NO_QUERY	sanfordrachel	@trevor26 In the middle #67 ...
0	4172747032	Tue Nov 29 04:26:00 PDT 2022	NO_QUERY	martinezjesse	@xschneider Garbage #131 :(
4	9623947368	Wed Jun 26 16:30:04 PDT 2024	NO_QUERY	ifoley	@jbarnett Perfect #112 :)
0	8033915195	Mon Sep 06 13:18:20 PDT 2021	NO_QUERY	andrewmay	@ljohnson I'm upset :(
2	1678125009	Tue Jun 16 00:57:18 PDT 2020	NO_QUERY	monicafisher	@gbarrett Standard experience #161 ...
4	8397017186	Fri Feb 28 09:51:02 PDT 2020	NO_QUERY	william12	@michaelhardin Top quality #109 :)
0	3124322494	Tue Dec 28 18:36:11 PDT 2021	NO_QUERY	gnielsen	@nancy37 Made me cry #135 :(
2	5224925069	Sat May 08 13:37:18 PDT 2021	NO_QUERY	cindyyu	@wyatt07 Basic ...
2	7588015443	Tue Oct 13 17:57:02 PDT 2020	NO_QUERY	hardincolton	@christine09 Not good not bad #154 ...
2	8033229192	Sat Jan 08 03:11:45 PDT 2022	NO_QUERY	erinbradley	@davidvargas Nothing to write home about ...
2	1916273539	Sun Apr 30 03:43:40 PDT 2023	NO_QUERY	joshua69	@mcox Plain performance #87 ...
2	8481069711	Fri Dec 15 23:59:25 PDT 2023	NO_QUERY	jessica45	@natalierodgers Not good not bad #154 ...
0	1108311560	Fri Oct 29 02:10:20 PDT 2021	NO_QUERY	yholmes	@mpoole Terrible results #164 :(
0	8773270867	Sun Jan 02 11:14:46 PDT 2022	NO_QUERY	hbaldwin	@ppineda Hated the interface #123 :(
0	5106995575	Mon Dec 07 02:43:13 PDT 2020	NO_QUERY	kayla93	@cookheidi Unsatisfactory #95 :(
4	6258592421	Sat Jan 25 22:27:30 PDT 2025	NO_QUERY	samanthathomas	@hunterteresa Loved it #123 :)
4	7218542991	Sat Dec 10 06:01:32 PDT 2022	NO_QUERY	robert57	@kstein Very pleased #84 :)
4	7248662860	Tue Aug 25 13:08:22 PDT 2020	NO_QUERY	hahnjames	@brandigarcia Terrific #65 :)
4	6403265315	Tue Sep 17 00:00:37 PDT 2024	NO_QUERY	markhubbard	@martinsarah Everything is perfect #149 :)
2	5328607604	Thu Feb 02 20:40:22 PDT 2023	NO_QUERY	gary08	@brooksbrian Alright #169 ...
4	2890815232	Wed Nov 03 04:05:30 PDT 2021	NO_QUERY	candicegordon	@mli Smart and intuitive #92 :)
2	5615509263	Fri Aug 13 03:21:35 PDT 2021	NO_QUERY	ccharles	@pneal Average performance #121 ...
0	1169245297	Wed Oct 11 17:27:31 PDT 2023	NO_QUERY	kaitlynlynch	@hparker Bad design :(
0	3271799847	Fri Mar 07 18:16:34 PDT 2025	NO_QUERY	hrose	@kenneth27 Defective #83 :(
0	8290279661	Thu Nov 30 17:45:47 PDT 2023	NO_QUERY	rebeccasimmons	@lbarber Couldn't be worse :(
0	5331461804	Sun Aug 06 23:06:03 PDT 2023	NO_QUERY	qthomas	@irojas So annoying :(
4	6855239648	Mon Dec 12 06:26:25 PDT 2022	NO_QUERY	ryan11	@kristinhardin Easy to use :)
4	4317018290	Tue Mar 10 21:56:01 PDT 2020	NO_QUERY	edwardaguilar	@cantrelladam Incredible :)
0	1952580821	Mon Mar 15 22:25:49 PDT 2021	NO_QUERY	jonesrichard	@jjackson Doesn't work #82 :(
4	3874876493	Mon Jun 05 02:21:19 PDT 2023	NO_QUERY	linrachael	@melissahansen Couldn't be better #113 :)
2	3715986000	Tue Mar 19 09:59:04 PDT 2024	NO_QUERY	laura59	@justinpowell Passable #75 ...
4	8923261555	Fri Mar 29 18:01:03 PDT 2024	NO_QUERY	samuelcarter	@lray Great performance #145 :)
2	3753725821	Tue Dec 26 17:07:59 PDT 2023	NO_QUERY	cory96	@morgancasey Neither impressed nor disappointed #122 ...
2	5096372509	Tue Feb 28 01:13:45 PDT 2023	NO_QUERY	brandon54	@ufreeman Middling #146 ...
2	2106818143	Sun Jun 11 21:14:11 PDT 2023	NO_QUERY	oscar18	@sharon86 Fair ...
2	7269262348	Sun Oct 10 13:07:21 PDT 2021	NO_QUERY	qtate	@dana29 Alright #69 ...
2	1160952159	Wed Feb 01 23:10:26 PDT 2023	NO_QUERY	angela84	@tjohnson Neither here nor there #159 ...
2	5926390876	Wed Mar 01 06:15:07 PDT 2023	NO_QUERY	greendonald	@santiagorebecca Mildly acceptable #62 ...
0	4770171735	Thu Feb 27 02:33:10 PDT 2025	NO_QUERY	qwaller	@kayla52 Big mistake :(
4	4829816965	Sat Feb 04 00:34:28 PDT 2023	NO_QUERY	nathanwhite	@williamsanthony Very impressed #58 :)
2	6171202093	Sat May 10 01:07:43 PDT 2025	NO_QUERY	princesamantha	@melindameza So-so #57 ...
4	8034992182	Mon Oct 07 23:42:32 PDT 2024	NO_QUERY	ojackson	@robert31 User-friendly and nice #77 :)
2	8010995198	Wed Nov 24 20:06:02 PDT 2021	NO_QUERY	joneschristian	@richarddavis I don't care much #156 ...
2	4357639008	Tue Jun 27 10:06:35 PDT 2023	NO_QUERY	bensonbrenda	@jennifer66 Nothing special ...
2	1588964758	Tue Mar 12 14:17:07 PDT 2024	NO_QUERY	shannon49	@steven83 Mediocre #58 ...
2	4949372454	Sat Feb 19 12:07:26 PDT 2022	NO_QUERY	michaelanderson	@amanda40 In the middle #167 ...
2	7258387889	Fri Sep 29 21:01:33 PDT 2023	NO_QUERY	amccoy	@joshua29 Neither impressed nor disappointed #72 ...
2	8586735431	Fri Jan 03 07:48:35 PDT 2020	NO_QUERY	qsweeney	@raymondbaker Average value #142 ...
2	8306285955	Fri Feb 10 16:37:41 PDT 2023	NO_QUERY	fowlerkathryn	@taylorcolleen Typical ...
0	5331084944	Wed Jul 14 11:36:33 PDT 2021	NO_QUERY	barneskatherine	@angelaorozco It's broken #97 :(
2	9334191318	Thu Feb 17 10:49:14 PDT 2022	NO_QUERY	robert58	@choijanet Not good not bad #154 ...
2	6306805880	Wed Oct 14 11:44:56 PDT 2020	NO_QUERY	jermaine15	@jessicathompson Ordinary #116 ...
4	6043636370	Mon Oct 11 15:04:04 PDT 2021	NO_QUERY	nathananderson	@robert55 Absolutely wonderful #53 :)
4	8574106703	Mon Oct 28 08:56:08 PDT 2024	NO_QUERY	smoore	@vwang Couldn't be better #63 :)
0	4800045427	Sun Dec 27 12:38:07 PDT 2020	NO_QUERY	barbara34	@seannorton Really dissatisfied #168 :(
0	1108922765	Wed Jul 26 09:51:54 PDT 2023	NO_QUERY	christine26	@jjimenez I regret this #92 :(
0	4410765656	Sat Apr 03 22:03:55 PDT 2021	NO_QUERY	troy13	@charles84 Disaster #88 :(
4	3746159993	Tue Oct 04 20:42:18 PDT 2022	NO_QUERY	qhawkins	@wallsmegan Easy to use :)
4	8443800761	Thu Feb 06 00:57:56 PDT 2025	NO_QUERY	dennis61	@lauriebenitez User-friendly and nice #77 :)
0	6728444239	Thu May 09 14:16:35 PDT 2024	NO_QUERY	gateslaura	@odixon Completely useless #157 :(
2	9105909335	Mon Sep 16 14:18:38 PDT 2024	NO_QUERY	michael93	@alexandersean Neutral impression ...
4	3684693180	Sat Oct 16 09:33:00 PDT 2021	NO_QUERY	woodtoni	@tiffany20 Beyond expectations :)
4	6519845968	Thu Jan 30 06:15:30 PDT 2020	NO_QUERY	powellwilliam	@amy10 Super happy :)
4	2783879280	Mon Dec 04 04:07:13 PDT 2023	NO_QUERY	abarton	@blackburnpatricia Highly recommended #157 :)
4	1109116332	Sat Aug 19 22:54:18 PDT 2023	NO_QUERY	soniarobles	@wendylee Reliable and fast :)
0	3584108090	Tue Mar 09 06:43:12 PDT 2021	NO_QUERY	jonesjessica	@bennettraven Really dissatisfied #168 :(
4	2976714065	Tue Dec 31 05:12:22 PDT 2024	NO_QUERY	lindaperez	@william28 Exceptional #133 :)
2	7116154227	Sun Jul 07 01:42:40 PDT 2024	NO_QUERY	cooktodd	@dunnjames It's okay #100 ...
4	6500893014	Sat Mar 08 15:30:52 PDT 2025	NO_QUERY	arthurkim	@tamara78 Great job #105 :)
4	1678507205	Sun Jul 07 08:59:44 PDT 2024	NO_QUERY	qgreen	@morganlopez Highly recommended #157 :)
0	4513700665	Sat Dec 12 22:00:17 PDT 2020	NO_QUERY	michael79	@hannahlynch Garbage :(
2	8709389692	Wed Mar 27 06:39:16 PDT 2024	NO_QUERY	shanson	@kenneth64 Unremarkable #77 ...
2	8608599865	Mon Aug 07 20:27:16 PDT 2023	NO_QUERY	jacquelineellis	@perezjulie Decent #118 ...
4	9734159020	Wed Oct 30 13:19:18 PDT 2024	NO_QUERY	mgolden	@ronnie15 Reliable and fast :)
2	7412752917	Sun Mar 17 13:07:18 PDT 2024	NO_QUERY	tmacias	@hwong Neither here nor there #59 ...
4	3785321059	Sat Jul 02 06:22:16 PDT 2022	NO_QUERY	annamorrison	@johnalexander Smooth experience :)
4	9055384103	Wed Jun 16 02:35:27 PDT 2021	NO_QUERY	eric53	@wfowler Easy to use :)
2	9748045880	Sat Mar 15 19:19:28 PDT 2025	NO_QUERY	preston24	@schwartzjulie Average value #92 ...
2	1013215930	Fri Oct 08 09:08:08 PDT 2021	NO_QUERY	vjimenez	@rodriguezgregory Meh ...
2	1529900113	Fri Feb 05 23:23:49 PDT 2021	NO_QUERY	kali	@blevinschristopher Middle of the road ...
4	1677001370	Fri Dec 25 10:03:11 PDT 2020	NO_QUERY	larathomas	@dennissierra So happy with this :)
4	4734065751	Mon Mar 03 02:29:18 PDT 2025	NO_QUERY	gchaney	@kevinblair Very impressed #58 :)
2	4891487598	Sat Dec 30 07:17:15 PDT 2023	NO_QUERY	mhiggins	@ystrickland No big deal #147 ...
0	4443205289	Fri Aug 13 16:13:23 PDT 2021	NO_QUERY	mjackson	@qjohnson It's broken :(
0	1924628393	Wed Mar 03 21:29:29 PDT 2021	NO_QUERY	joseph64	@matthewlee Made me cry #85 :(
0	9214041311	Sat Feb 01 03:31:59 PDT 2020	NO_QUERY	wardrobert	@elaineaustin Very poor quality :(
4	7230476336	Wed Jul 14 08:39:37 PDT 2021	NO_QUERY	jose82	@brandi13 Great job #55 :)
4	7866278397	Wed Jun 24 18:17:56 PDT 2020	NO_QUERY	brownmatthew	@jacqueline08 Wonderful! #148 :)
0	7897223701	Mon Jan 11 22:35:19 PDT 2021	NO_QUERY	dyoung	@albert31 Bad design #120 :(
4	5661887708	Sun May 21 09:07:17 PDT 2023	NO_QUERY	uwiley	@farmerdonna Well done #66 :)
4	6190900951	Sat Oct 15 01:01:05 PDT 2022	NO_QUERY	sandra94	@adam58 Highly recommended #107 :)
0	9635456734	Mon Jan 02 18:46:54 PDT 2023	NO_QUERY	melissawilliams	@rchapman Made me cry #135 :(
0	4553293256	Mon Feb 07 02:36:41 PDT 2022	NO_QUERY	yharrington	@dmyers Full of problems #129 :(
4	4839347408	Fri Nov 13 16:39:02 PDT 2020	NO_QUERY	janetbooker	@sherrysaunders Makes me happy :)
0	5667468340	Fri May 24 19:26:54 PDT 2024	NO_QUERY	tcross	@samanthaanderson I'm very disappointed #103 :(
4	7027937537	Sat Feb 08 09:21:54 PDT 2020	NO_QUERY	clee	@smithshane Makes me happy #137 :)
2	6547062977	Fri Sep 15 02:13:14 PDT 2023	NO_QUERY	charlesmedina	@freemanpamela Typical #114 ...
2	6290633632	Sun Aug 06 16:55:10 PDT 2023	NO_QUERY	wbrooks	@wcastillo It’s tolerable ...
0	4836602140	Fri Mar 14 03:57:14 PDT 2025	NO_QUERY	kcampbell	@curtismiller So bad #156 :(
0	9086401572	Wed Sep 27 18:59:12 PDT 2023	NO_QUERY	brittany87	@susangeorge Really dissatisfied :(
0	7164779604	Fri Feb 24 01:35:18 PDT 2023	NO_QUERY	tarmstrong	@pbell Faulty :(
4	3899859666	Mon Oct 17 12:16:08 PDT 2022	NO_QUERY	wilsontyler	@perryrobert Efficient and smart #129 :)
4	5915642284	Tue Jul 23 07:41:07 PDT 2024	NO_QUERY	kendrabailey	@mckenziegriffin Smooth experience #72 :)
0	1599533220	Sat Jun 26 04:12:31 PDT 2021	NO_QUERY	eanderson	@zcompton So bad #156 :(
2	2587491075	Mon Feb 14 04:46:12 PDT 2022	NO_QUERY	jacksoncarlos	@hrodgers Plain #78 ...
4	1398629379	Tue Feb 04 13:18:27 PDT 2025	NO_QUERY	vcraig	@ugonzales Really satisfied #106 :)
4	9122242482	Wed Dec 22 01:11:46 PDT 2021	NO_QUERY	robinsonkatelyn	@kmartinez Super happy #146 :)
2	7291130415	Thu Oct 21 23:36:32 PDT 2021	NO_QUERY	crystalcoleman	@zmiller Nothing special #51 ...
0	5052570190	Fri Aug 06 05:18:24 PDT 2021	NO_QUERY	bdavis	@kayla19 Extremely frustrating :(
4	7215398324	Fri May 15 06:18:38 PDT 2020	NO_QUERY	gwhite	@shanemason Makes me happy #87 :)
0	9114933484	Sat Oct 19 20:41:59 PDT 2024	NO_QUERY	susanbates	@kathryn06 It's broken #147 :(
2	4867082249	Fri Nov 05 13:57:40 PDT 2021	NO_QUERY	hlittle	@brownthomas Unremarkable ...
2	9689796625	Sun Sep 20 05:07:07 PDT 2020	NO_QUERY	csmith	@dwallace Plain performance #87 ...
4	9269040770	Mon Feb 26 14:56:55 PDT 2024	NO_QUERY	lthompson	@sergio61 It’s beautiful #71 :)
4	1392583322	Fri Oct 11 07:24:20 PDT 2024	NO_QUERY	tom98	@nicholas91 Five stars :)
0	4243374092	Sun Oct 13 15:55:06 PDT 2024	NO_QUERY	santiagojon	@tvargas Couldn't be worse :(
0	1749725910	Thu Dec 30 06:13:27 PDT 2021	NO_QUERY	andrea77	@kelliestes Completely useless #107 :(
2	7631654592	Sun Aug 02 02:51:03 PDT 2020	NO_QUERY	mark06	@carla20 It's fine ...
4	7684617528	Fri Feb 14 14:38:22 PDT 2020	NO_QUERY	mperry	@sancheztyler Reliable and fast #147 :)
0	2902014751	Tue Mar 24 05:25:44 PDT 2020	NO_QUERY	kyle49	@asmall Faulty #137 :(
2	9074758510	Tue May 05 03:59:53 PDT 2020	NO_QUERY	brownpatricia	@xbrown It’s tolerable #73 ...
0	7549067154	Sun Aug 21 22:08:12 PDT 2022	NO_QUERY	jose55	@merrittsue Simply terrible #98 :(
0	6390116562	Sun Jun 19 11:55:33 PDT 2022	NO_QUERY	jose96	@adamfrench Hated every moment #158 :(
2	6303790577	Sun Sep 05 20:50:39 PDT 2021	NO_QUERY	cynthiabarr	@zaguirre Passable #75 ...
0	8539696469	Sat Dec 09 11:41:56 PDT 2023	NO_QUERY	rickywallace	@jefferyphillips It's broken #147 :(
4	7019940523	Sat Dec 10 23:07:39 PDT 2022	NO_QUERY	michaelpetersen	@angie44 I love it #50 :)
0	2773408601	Sun Sep 13 12:53:12 PDT 2020	NO_QUERY	raymondcase	@asmith Made me angry #126 :(
0	4481994138	Wed Nov 30 23:35:50 PDT 2022	NO_QUERY	crystal45	@hansenryan Bad design :(
2	2108243753	Tue Nov 17 08:13:19 PDT 2020	NO_QUERY	ebentley	@joydowns It's as expected ...
0	5931749782	Fri Apr 10 11:33:43 PDT 2020	NO_QUERY	troyclark	@zbowers So bad :(
0	5831206663	Sun Oct 31 23:57:58 PDT 2021	NO_QUERY	barbara41	@kramersarah Horrible support #67 :(
4	5049406090	Fri Dec 09 23:19:11 PDT 2022	NO_QUERY	rachelross	@kimberly89 It’s beautiful #121 :)
4	3403830365	Sun May 31 17:27:38 PDT 2020	NO_QUERY	henrydouglas	@vnelson A joy to use :)
0	7007081477	Fri Jul 10 19:39:07 PDT 2020	NO_QUERY	nguyengabriela	@andremyers Not worth it :(
2	5275633711	Sat Apr 25 11:59:50 PDT 2020	NO_QUERY	barkerkaren	@knightdaniel It's okay ...
0	1153905093	Mon Mar 29 04:12:20 PDT 2021	NO_QUERY	dianesullivan	@landrystephanie I'm upset #69 :(
4	8997758199	Mon Jan 30 16:59:18 PDT 2023	NO_QUERY	ashley58	@ewalker Top quality #159 :)
4	7067183112	Tue Dec 26 11:06:06 PDT 2023	NO_QUERY	william44	@itucker Everything works well #81 :)
4	4689224387	Tue Jan 19 10:52:00 PDT 2021	NO_QUERY	tklein	@coopermalik Everything works well :)
0	2245677504	Fri Jun 25 19:02:14 PDT 2021	NO_QUERY	cjohns	@dunnrobert Not worth it #55 :(
0	1084176089	Sun May 08 01:47:56 PDT 2022	NO_QUERY	ballardkelly	@andersonvanessa Awful experience #80 :(
4	9953727823	Sat Jan 25 00:18:26 PDT 2025	NO_QUERY	william82	@riverakevin Just amazing #68 :)
2	6406947666	Wed Aug 03 07:55:27 PDT 2022	NO_QUERY	vbradley	@cfreeman Not good not bad #154 ...
0	1372554303	Fri Aug 04 04:08:58 PDT 2023	NO_QUERY	crawfordkristina	@wpark I hate this #50 :(
2	6756922324	Sat Dec 23 21:19:19 PDT 2023	NO_QUERY	melindagibson	@nancy35 Mediocre #58 ...
0	3890306651	Sat May 09 10:12:20 PDT 2020	NO_QUERY	paulcampbell	@danielle68 Very annoying :(
2	4602581827	Fri Oct 28 05:08:00 PDT 2022	NO_QUERY	mdavis	@margaret91 Decent ...
4	7484360587	Thu Mar 17 06:25:28 PDT 2022	NO_QUERY	samuelnelson	@wjenkins Just amazing :)
2	3701982198	Thu Jul 27 10:14:25 PDT 2023	NO_QUERY	saracamacho	@obecker Average value #92 ...
2	7301796477	Fri Apr 07 11:30:44 PDT 2023	NO_QUERY	michelle67	@russellsara Passable #75 ...
4	9375214217	Sun Jan 02 12:34:48 PDT 2022	NO_QUERY	whitneymonique	@jbruce Top quality #159 :)
0	8062395209	Thu Sep 09 09:24:43 PDT 2021	NO_QUERY	shawnjohnson	@moranpatrick Very unreliable :(
2	3169921218	Sun Dec 25 21:07:18 PDT 2022	NO_QUERY	crystalgreen	@casey53 Average performance #121 ...
2	4395904189	Tue Feb 11 19:31:39 PDT 2025	NO_QUERY	andersonjessica	@ogonzalez Alright ...
4	6773213999	Wed Jan 08 16:40:09 PDT 2020	NO_QUERY	tanya21	@jesse17 Perfect :)
4	2936083694	Thu Aug 24 11:40:46 PDT 2023	NO_QUERY	rcraig	@lewisthomas Exceptional #133 :)
4	9988882783	Mon Apr 07 10:26:22 PDT 2025	NO_QUERY	mark99	@zimmermankeith A joy to use #76 :)
4	7090078879	Thu Mar 07 13:48:54 PDT 2024	NO_QUERY	owalker	@bgarner Very pleased :)
0	2470034208	Sat Jan 14 20:59:24 PDT 2023	NO_QUERY	drichards	@psmith The worst :(
0	2900486652	Fri Sep 23 12:09:32 PDT 2022	NO_QUERY	nathaniel29	@brownvictor Couldn't be worse :(
4	8090351701	Thu Dec 12 03:01:39 PDT 2024	NO_QUERY	jim70	@emilysmith Couldn't be better #163 :)
0	2057436854	Wed May 20 23:14:44 PDT 2020	NO_QUERY	littlemichael	@powellsandra Not worth it :(
0	1573061403	Sun Jul 18 14:57:12 PDT 2021	NO_QUERY	samanthamitchell	@xmoreno Totally broken #78 :(
2	6155577333	Wed Oct 18 08:06:59 PDT 2023	NO_QUERY	pvalenzuela	@sharonflores I don't care much #156 ...
4	7463296972	Tue Oct 19 04:32:35 PDT 2021	NO_QUERY	singletonmonique	@ramirezdavid Couldn't be better :)
0	1992232252	Wed Feb 05 19:27:15 PDT 2020	NO_QUERY	oscar09	@alecthomas Doesn't work #132 :(
2	4847051102	Sat Jul 15 09:16:04 PDT 2023	NO_QUERY	corypace	@victorialowe Expected outcome #81 ...
2	3251144125	Sun May 29 11:15:15 PDT 2022	NO_QUERY	rrodriguez	@salazardavid Could be better ...
2	2240729351	Sat Sep 23 21:51:41 PDT 2023	NO_QUERY	williamsrichard	@stewartjamie Nothing to write home about #163 ...
0	3019136019	Sat Jul 16 18:56:23 PDT 2022	NO_QUERY	david14	@schmidtkimberly So annoying #166 :(
4	2417880923	Thu Jan 04 19:59:25 PDT 2024	NO_QUERY	david13	@brenttorres Great performance #95 :)
0	2568670552	Thu Jul 18 23:13:24 PDT 2024	NO_QUERY	sonya26	@lowerydavid Simply terrible #148 :(
2	4283183240	Sat Dec 26 23:14:09 PDT 2020	NO_QUERY	jose27	@powellreginald Nothing exciting ...
0	6868164313	Sun Mar 29 03:26:39 PDT 2020	NO_QUERY	rickygreen	@saunderssherry Hated the interface #73 :(
4	3791765831	Sun Jan 12 11:17:41 PDT 2020	NO_QUERY	crawfordrobert	@crystalmcbride Incredible :)
0	5364138648	Tue Mar 21 08:56:21 PDT 2023	NO_QUERY	gwhite	@jonathanrodriguez Bad service #160 :(
2	7434542170	Mon Dec 21 07:37:25 PDT 2020	NO_QUERY	millerthomas	@howardestes Expected outcome ...
4	9254601397	Tue Mar 10 14:23:54 PDT 2020	NO_QUERY	tonyaeverett	@arielwiggins User-friendly and nice #77 :)
0	2974395131	Wed May 08 01:09:46 PDT 2024	NO_QUERY	mariacunningham	@calebbradley Horrible support :(
0	2500979675	Sat Jun 12 18:29:53 PDT 2021	NO_QUERY	nicole81	@katherinehutchinson The worst #86 :(
2	7035593800	Sat Mar 09 10:47:27 PDT 2024	NO_QUERY	alvarezrebecca	@shawnburke Mild ...
2	4108585485	Mon Jun 14 05:13:56 PDT 2021	NO_QUERY	susan05	@bjohnston Plain #78 ...
0	3718337808	Mon Sep 18 20:40:23 PDT 2023	NO_QUERY	robert01	@marciagoodman Disgusting #115 :(
2	5938179900	Sun Mar 23 19:48:01 PDT 2025	NO_QUERY	ghill	@juan08 Serviceable #134 ...
4	7449485354	Mon Jul 11 18:55:39 PDT 2022	NO_QUERY	jonathan29	@lorilane Awesome work :)
0	1649883579	Wed Mar 06 00:07:05 PDT 2024	NO_QUERY	leah49	@webbtimothy Waste of time #63 :(
4	4671177890	Fri May 16 12:09:29 PDT 2025	NO_QUERY	snydersteven	@smithjason So happy with this #154 :)
0	6671131606	Fri Sep 11 23:42:03 PDT 2020	NO_QUERY	kristin46	@sarmstrong Worst ever #154 :(
4	1325665464	Thu Sep 03 17:24:01 PDT 2020	NO_QUERY	erica95	@marie71 Exceptional #133 :)
4	2659047419	Sun May 25 07:20:34 PDT 2025	NO_QUERY	marcus50	@mark84 Excellent service #160 :)
2	7271850121	Thu Mar 23 21:51:50 PDT 2023	NO_QUERY	stephenjones	@barnettmelanie Nothing exciting ...
0	2246405133	Tue Dec 20 21:59:10 PDT 2022	NO_QUERY	browneric	@richard97 Disaster #88 :(
4	6810168556	Sun Nov 10 02:25:57 PDT 2024	NO_QUERY	mercadojoseph	@bcarey Loved it #73 :)
2	8031420007	Tue Dec 07 18:04:41 PDT 2021	NO_QUERY	edelacruz	@lindalewis Mildly acceptable #162 ...
2	5674823710	Mon May 29 18:31:02 PDT 2023	NO_QUERY	fritzconnie	@david47 Average performance ...
4	9656802997	Sat Jan 06 00:31:20 PDT 2024	NO_QUERY	kenneth18	@zlopez Absolutely love it :)
4	8266280293	Sun Mar 22 13:45:12 PDT 2020	NO_QUERY	oaguirre	@xmccarthy Five stars #61 :)
0	9377442570	Fri Jul 29 11:56:41 PDT 2022	NO_QUERY	morakristen	@bryantshane Very annoying #144 :(
2	9484538879	Thu Aug 06 20:50:58 PDT 2020	NO_QUERY	wevans	@swilliams Usual stuff #65 ...
2	4398953698	Tue Mar 08 04:28:11 PDT 2022	NO_QUERY	irocha	@lawsonshawn Nothing to write home about #63 ...
2	1518806785	Thu Feb 27 08:30:05 PDT 2020	NO_QUERY	lawsonjessica	@nhodge Plain ...
0	3530665649	Wed Jun 15 22:21:43 PDT 2022	NO_QUERY	bryan66	@robertsalinas Made me cry #135 :(
2	3895280277	Sat Nov 11 17:33:36 PDT 2023	NO_QUERY	mcclurejoanne	@dgonzalez No big deal #147 ...
0	5151107423	Tue Mar 14 12:27:44 PDT 2023	NO_QUERY	jonesjennifer	@willie55 Hated every moment #158 :(
2	8473760111	Tue Oct 12 15:14:48 PDT 2021	NO_QUERY	wvincent	@nguyentimothy In the middle ...
2	8959032595	Wed Aug 26 11:08:20 PDT 2020	NO_QUERY	simsheather	@eharvey Passable ...
0	3606265230	Wed Feb 19 01:28:47 PDT 2025	NO_QUERY	tlowery	@rmiller Too slow #91 :(
2	5824181311	Thu Sep 21 10:35:55 PDT 2023	NO_QUERY	mcknightdawn	@wrivera Usual stuff #165 ...
2	4971199299	Sun Sep 19 07:27:54 PDT 2021	NO_QUERY	janice98	@michael35 Alright ...
0	7105873864	Mon Aug 07 06:48:45 PDT 2023	NO_QUERY	brian56	@dustin02 Made me cry :(
2	4078905663	Tue Oct 01 18:41:46 PDT 2024	NO_QUERY	kimberlyzimmerman	@schapman Could be better #140 ...
0	1020304187	Mon Dec 27 11:29:23 PDT 2021	NO_QUERY	jacob72	@jlopez Big mistake #99 :(
0	8852224375	Tue Oct 15 18:48:11 PDT 2024	NO_QUERY	kjones	@aluna I'm upset #119 :(
0	3811172135	Fri Feb 21 19:29:55 PDT 2025	NO_QUERY	jeffreyaustin	@mckayvincent Too many bugs #121 :(
0	7313787380	Mon Jan 31 11:32:51 PDT 2022	NO_QUERY	alexandernguyen	@teresawilliams Totally broken #128 :(
4	5015858241	Sun Jun 30 14:26:56 PDT 2024	NO_QUERY	aprildavis	@victoria22 Makes me happy #137 :)
2	1350255673	Thu Sep 23 02:08:19 PDT 2021	NO_QUERY	tyroneyoung	@eddiemoody Balanced experience ...
2	8211873255	Tue Sep 10 21:22:23 PDT 2024	NO_QUERY	charles00	@tiffany53 No surprises #132 ...
4	4944704158	Sat Aug 31 06:36:31 PDT 2024	NO_QUERY	heather62	@sarnold Incredible :)
4	4176383134	Fri Jun 14 01:55:18 PDT 2024	NO_QUERY	mccoyjames	@inguyen Fantastic and amazing #152 :)
2	9059417074	Wed Aug 03 06:27:45 PDT 2022	NO_QUERY	brownleah	@april17 Unremarkable #77 ...
0	2279273021	Sat Apr 01 23:48:25 PDT 2023	NO_QUERY	timothy52	@kathy59 I hate this #50 :(
2	1897394898	Wed Sep 25 04:23:16 PDT 2024	NO_QUERY	andrew08	@scotttaylor Expected outcome #131 ...
2	9734802059	Mon Dec 20 21:20:51 PDT 2021	NO_QUERY	sherryalvarado	@hubbardamy Just average ...
4	3432065544	Sat Nov 06 10:28:47 PDT 2021	NO_QUERY	rkaiser	@jesus81 So much fun #124 :)
0	3421735437	Fri Aug 26 13:12:07 PDT 2022	NO_QUERY	egeorge	@michael88 Not worth it #55 :(
0	5695149230	Tue Nov 08 02:25:59 PDT 2022	NO_QUERY	wgarner	@srichardson Horrible support :(
2	4092185907	Sat Dec 30 08:31:21 PDT 2023	NO_QUERY	gmoss	@scottsexton Neither impressed nor disappointed #122 ...
0	1926385435	Fri Nov 12 18:32:55 PDT 2021	NO_QUERY	dennis76	@simmonsmichele It's broken #97 :(
4	2919813355	Fri Jan 08 10:43:22 PDT 2021	NO_QUERY	villanuevacharles	@cathy64 So much fun :)
4	5548505315	Sat Apr 18 13:46:28 PDT 2020	NO_QUERY	lopeztaylor	@john42 Just amazing #168 :)
0	5423658405	Wed Jan 17 10:25:53 PDT 2024	NO_QUERY	margaret77	@triciastewart Totally broken :(
2	5242912406	Tue Jun 27 12:30:31 PDT 2023	NO_QUERY	lawrence58	@emoore Nothing to write home about #163 ...
4	9499409418	Thu Jul 18 22:27:10 PDT 2024	NO_QUERY	courtneybarrett	@samanthacarter Incredible #75 :)
4	3657471678	Sun Jul 16 02:44:27 PDT 2023	NO_QUERY	johnsonmary	@myersanthony Reliable and fast :)
0	3090987004	Mon Mar 28 08:28:45 PDT 2022	NO_QUERY	wyattregina	@beckermiguel Painful to use #125 :(
4	5650384159	Tue Feb 11 00:44:50 PDT 2025	NO_QUERY	tinaroach	@melissa18 Couldn't be better #163 :)
4	8070512275	Sat Feb 27 03:18:16 PDT 2021	NO_QUERY	lewiskevin	@deannamccall Perfect #112 :)
4	6190306636	Wed Nov 01 12:22:42 PDT 2023	NO_QUERY	jacobross	@greenkimberly Highly recommended #107 :)
0	5229853723	Sun May 26 08:17:22 PDT 2024	NO_QUERY	lanecheryl	@davismichael Simply terrible #98 :(
2	4152003063	Wed Feb 17 05:34:02 PDT 2021	NO_QUERY	marycurtis	@grant61 Nothing special #51 ...
0	5374843945	Thu Mar 24 22:31:31 PDT 2022	NO_QUERY	sherry64	@erica01 Big mistake #149 :(
4	6692954442	Mon Oct 02 10:57:16 PDT 2023	NO_QUERY	jspence	@victor08 Excellent service #60 :)
2	8704177790	Tue Apr 09 09:10:25 PDT 2024	NO_QUERY	qbarber	@dchan In the middle ...
0	9448467952	Sat Aug 14 08:03:13 PDT 2021	NO_QUERY	sarawilson	@clynn Not worth it #105 :(
4	5211515910	Mon May 17 14:03:21 PDT 2021	NO_QUERY	fwatson	@mitchellray Great job #105 :)
2	5473337359	Wed Sep 04 23:05:06 PDT 2024	NO_QUERY	tchen	@chelsea78 Passable #125 ...
0	6368480501	Thu Mar 02 00:23:12 PDT 2023	NO_QUERY	marcchang	@erika83 Unsatisfactory #95 :(
0	3159358207	Sun Jan 19 07:41:56 PDT 2025	NO_QUERY	jorgefreeman	@johnduran Just awful #89 :(
2	8714188337	Mon Mar 23 16:41:03 PDT 2020	NO_QUERY	robert07	@hhernandez Not good not bad #104 ...
2	2500467764	Thu Apr 06 04:56:04 PDT 2023	NO_QUERY	bmeadows	@quinnbenjamin Neither here nor there #59 ...
2	8259995106	Fri Feb 21 08:57:26 PDT 2025	NO_QUERY	dawnhernandez	@smithdiana Ordinary #66 ...
0	7425188376	Sun Apr 11 20:15:38 PDT 2021	NO_QUERY	gjackson	@jsanchez I'm upset #169 :(
4	7910309880	Fri Jan 28 13:21:57 PDT 2022	NO_QUERY	garciaderek	@tbender Highly recommended #107 :)
2	6153714375	Fri Oct 23 03:45:43 PDT 2020	NO_QUERY	jeremiahbuck	@torreskevin Fair #76 ...
4	8613460908	Thu Jul 04 05:36:01 PDT 2024	NO_QUERY	hacosta	@ronalddurham Perfect #112 :)
4	6730872212	Thu Apr 01 09:43:42 PDT 2021	NO_QUERY	tbanks	@andrewromero Highly recommended #157 :)
2	1130004332	Fri Aug 19 02:58:06 PDT 2022	NO_QUERY	joseschneider	@timothy43 Just average ...
2	6828852661	Tue Jul 13 03:27:17 PDT 2021	NO_QUERY	michealhall	@ywagner Nothing to write home about ...
2	9522312201	Fri Dec 25 00:56:14 PDT 2020	NO_QUERY	eric78	@toddvalenzuela It’s tolerable ...
2	1486865675	Sun Jul 16 03:42:50 PDT 2023	NO_QUERY	qescobar	@nwiggins Middling ...
0	2499679588	Thu Aug 12 01:45:51 PDT 2021	NO_QUERY	pattoncrystal	@fryan This is terrible #151 :(
0	6778620271	Sat Dec 14 06:32:12 PDT 2024	NO_QUERY	vwalters	@kevingregory Major letdown :(
4	7045839837	Thu Dec 26 04:44:27 PDT 2024	NO_QUERY	eddie41	@sluna Very impressed #108 :)
4	8088630131	Wed Jun 21 14:40:53 PDT 2023	NO_QUERY	calvinduncan	@kevincobb Absolutely wonderful #53 :)
0	8940473800	Mon Jul 29 06:20:31 PDT 2024	NO_QUERY	joshuahernandez	@kristinawinters Doesn't work #82 :(
4	4667437858	Fri Feb 23 03:37:21 PDT 2024	NO_QUERY	devin94	@jessicaanderson Fun and engaging #93 :)
4	9318441786	Fri Apr 01 19:24:01 PDT 2022	NO_QUERY	leblancamanda	@larryspencer Great job #55 :)
4	5867074587	Fri Apr 10 13:21:16 PDT 2020	NO_QUERY	blake12	@brooke54 Perfectly done :)
0	3555712510	Mon Jul 04 15:56:30 PDT 2022	NO_QUERY	juliesmith	@thomas72 Really bad idea #84 :(
0	7877453052	Wed Apr 21 23:24:15 PDT 2021	NO_QUERY	kimberlycarroll	@hendersondavid Disaster #138 :(
4	1773716648	Fri May 19 18:23:37 PDT 2023	NO_QUERY	cuevasbailey	@tonya96 Wonderful! :)
2	8454814292	Tue Jul 28 02:35:51 PDT 2020	NO_QUERY	asantos	@alejandroharrison Unchanged ...
4	9650159199	Mon Jul 27 15:07:10 PDT 2020	NO_QUERY	munozmatthew	@piercesean Outstanding :)
2	2432872010	Sat Dec 23 03:25:31 PDT 2023	NO_QUERY	ujones	@pprice Mildly acceptable ...
2	3994820333	Thu Feb 29 21:56:24 PDT 2024	NO_QUERY	stevenphillips	@carla49 Meh #155 ...
2	4859415807	Sun Nov 27 13:58:03 PDT 2022	NO_QUERY	terrihatfield	@jjohnson Could be better #90 ...
4	1028000405	Wed Nov 02 08:03:51 PDT 2022	NO_QUERY	kelly80	@catherine76 Love the quality #144 :)
0	8320048874	Sat Nov 06 12:42:06 PDT 2021	NO_QUERY	higginsjennifer	@jenniferbrown Bad design #70 :(
4	6134877207	Thu Mar 19 04:27:57 PDT 2020	NO_QUERY	zacharyyoung	@karen32 Very impressed #108 :)
0	4836377220	Fri May 03 12:40:25 PDT 2024	NO_QUERY	respinoza	@brodriguez Hated every moment #108 :(
2	4852270694	Sat Oct 19 20:01:41 PDT 2024	NO_QUERY	benjamin22	@tonyjohnson Could be better ...
4	7856841705	Wed Jan 12 06:55:15 PDT 2022	NO_QUERY	crossdeborah	@carlsonrachel Loved it :)
0	8957300032	Mon Aug 24 01:57:26 PDT 2020	NO_QUERY	charlotte75	@christinehughes So annoying #166 :(
2	3878679163	Sun Aug 08 21:26:20 PDT 2021	NO_QUERY	jessicalewis	@steven64 Expected outcome ...
2	7416886954	Wed Oct 25 13:58:48 PDT 2023	NO_QUERY	murphycarol	@erica30 It’s tolerable #73 ...
0	3159896890	Mon Mar 25 07:06:25 PDT 2024	NO_QUERY	ylozano	@oroberts Horrible support #167 :(
0	9393991427	Thu Apr 14 09:43:48 PDT 2022	NO_QUERY	carlsonrobert	@megannichols Very annoying #144 :(
2	3638503395	Thu Dec 03 16:58:12 PDT 2020	NO_QUERY	tammylopez	@adampadilla It's as expected #144 ...
2	8126591592	Sat May 04 18:54:52 PDT 2024	NO_QUERY	shawlisa	@amandaking Not good not bad ...
0	9825763311	Mon Aug 05 04:26:01 PDT 2024	NO_QUERY	devinwade	@joseph84 Disaster :(
2	4475598472	Tue May 09 13:38:22 PDT 2023	NO_QUERY	lacey62	@cherring Mildly acceptable #62 ...
0	4519169916	Sun Jul 04 21:32:03 PDT 2021	NO_QUERY	carlwilson	@katrina30 Couldn't be worse :(
2	1103330642	Sun Sep 11 06:00:30 PDT 2022	NO_QUERY	jhughes	@evanstimothy Alright #69 ...
4	9867365701	Sat Feb 03 19:59:24 PDT 2024	NO_QUERY	lisamunoz	@glennraymond Very pleased #134 :)
2	8150715052	Wed Apr 15 13:45:32 PDT 2020	NO_QUERY	gonzalezsteven	@frostjill Plain performance ...
4	9929187218	Sat Mar 29 07:31:41 PDT 2025	NO_QUERY	janetanderson	@mhenderson Terrific #65 :)
0	6483488232	Tue Jul 09 11:00:31 PDT 2024	NO_QUERY	michael25	@andrew14 Too slow #91 :(
2	9752608336	Sun Feb 20 12:08:52 PDT 2022	NO_QUERY	pestrada	@kevinspencer It does the job ...
0	5756343020	Tue Nov 08 18:36:48 PDT 2022	NO_QUERY	jdavis	@brittanycarr Not worth it #55 :(
0	8304027540	Wed Dec 08 11:26:32 PDT 2021	NO_QUERY	arnoldjames	@zhall Bad service #60 :(
0	3049453479	Fri Jan 17 10:36:12 PDT 2025	NO_QUERY	toni17	@justinortiz Very unreliable :(
0	1428007652	Mon Mar 11 22:46:42 PDT 2024	NO_QUERY	oberger	@woodjeremiah Not intuitive #77 :(
0	5876669656	Tue Aug 16 02:47:58 PDT 2022	NO_QUERY	vhaynes	@ecox Very annoying :(
4	9306597438	Sun Jul 17 02:10:29 PDT 2022	NO_QUERY	rickysmith	@bettymurphy So happy with this #54 :)
4	1540406600	Sat Apr 11 13:39:41 PDT 2020	NO_QUERY	kirstenclark	@marklane Beyond expectations :)
2	5355224131	Tue Nov 01 14:10:05 PDT 2022	NO_QUERY	padillaamber	@michelle81 Decent #168 ...
2	2507704371	Sat Nov 14 01:39:30 PDT 2020	NO_QUERY	emilyfrederick	@mmccarty Neutral impression ...
0	2712617645	Sat Mar 11 07:06:04 PDT 2023	NO_QUERY	fbrennan	@hendersonjerome Bad service :(
2	9610795194	Fri Nov 06 09:02:32 PDT 2020	NO_QUERY	hmills	@toddkathryn Just average ...
4	8041629801	Thu Jul 21 01:44:12 PDT 2022	NO_QUERY	lsteele	@nicholsonangelica Perfect #112 :)
2	6839304316	Sun Jun 07 22:53:34 PDT 2020	NO_QUERY	amandabrown	@moralesmary Nothing to write home about #163 ...
2	3350403542	Sat Feb 15 04:18:14 PDT 2025	NO_QUERY	kwashington	@watsonbrian Usual stuff #115 ...
2	1471699547	Sat Mar 27 10:40:03 PDT 2021	NO_QUERY	ronaldjohnson	@ashleygonzalez Mildly acceptable #162 ...
2	5452535304	Fri Sep 24 21:57:50 PDT 2021	NO_QUERY	hammondpaul	@melissa71 It’s tolerable #73 ...
0	2959600686	Sat Aug 22 00:09:24 PDT 2020	NO_QUERY	jeremydavis	@sparsons Really dissatisfied :(
0	7823850009	Thu Jan 09 03:54:20 PDT 2025	NO_QUERY	aaron70	@wendycoleman Very unreliable :(
2	7000799304	Sun Sep 25 19:52:18 PDT 2022	NO_QUERY	hudsonkathleen	@brian35 So-so #57 ...
0	4918106457	Mon Sep 25 23:14:08 PDT 2023	NO_QUERY	harrisdawn	@charleslewis Completely useless #57 :(
2	2856965515	Sat Apr 04 09:43:07 PDT 2020	NO_QUERY	qlucas	@carriegonzalez I don't care much #106 ...
4	1531177885	Tue Aug 20 14:48:10 PDT 2024	NO_QUERY	griffinjerry	@justindixon Perfectly done :)
4	9548683858	Sat May 16 19:54:01 PDT 2020	NO_QUERY	brenthahn	@deanperez So impressive #89 :)
4	3905848161	Mon Mar 09 01:44:39 PDT 2020	NO_QUERY	stephanieberry	@ramseybrenda Top quality #59 :)
2	6382779221	Fri Apr 09 01:26:22 PDT 2021	NO_QUERY	lbradford	@nancymorales Middling #146 ...
0	1380494040	Wed Jul 12 07:37:50 PDT 2023	NO_QUERY	cnelson	@baileydeanna Hated the interface #123 :(
4	4055329101	Mon May 24 13:09:58 PDT 2021	NO_QUERY	morganmary	@harveyrodney Smart and intuitive #142 :)
2	3012211134	Mon Jan 06 05:56:47 PDT 2020	NO_QUERY	derek14	@sandra73 Not remarkable #124 ...
4	6311330977	Mon May 19 23:40:44 PDT 2025	NO_QUERY	zknight	@jennifermoore So much fun :)
2	2393361165	Sat Oct 02 07:44:14 PDT 2021	NO_QUERY	dannyquinn	@kellermarvin Expected outcome ...
4	5079162623	Wed Sep 16 02:49:45 PDT 2020	NO_QUERY	jon46	@rhoover Perfectly done #90 :)
4	9118694987	Sat Sep 18 07:27:53 PDT 2021	NO_QUERY	zrobertson	@fmoses Smart and intuitive #142 :)
4	6919801910	Sat Jul 20 16:38:51 PDT 2024	NO_QUERY	christopher83	@melissa47 Five stars :)
4	3661564431	Sat Mar 28 21:47:55 PDT 2020	NO_QUERY	johngrant	@juliegraham Perfectly done :)
0	3269705873	Mon Mar 29 13:49:30 PDT 2021	NO_QUERY	richard63	@stephanieyork So annoying :(
2	8268229832	Wed May 03 01:47:47 PDT 2023	NO_QUERY	zburns	@murrayjoseph So-so #57 ...
4	7714600720	Fri Nov 19 02:35:13 PDT 2021	NO_QUERY	kendra46	@littlejuan Great design :)
4	5504881373	Tue Oct 10 20:22:25 PDT 2023	NO_QUERY	gbrown	@psmith A joy to use :)
0	2119079766	Thu Jun 11 09:59:23 PDT 2020	NO_QUERY	rebecca01	@carpenterjulie Big mistake #149 :(
0	8687913808	Wed Jun 19 22:13:27 PDT 2024	NO_QUERY	clinton95	@michelle77 Waste of time #113 :(
4	6523140664	Thu May 26 11:29:36 PDT 2022	NO_QUERY	browningandrew	@michaeltanner Highly recommended #57 :)
4	2043997127	Tue Apr 27 09:14:30 PDT 2021	NO_QUERY	brianspencer	@lharris Flawless #85 :)
4	4867667190	Sun Dec 01 21:52:36 PDT 2024	NO_QUERY	johnnyparker	@perkinsashley I'm thrilled #69 :)
2	3304458562	Wed Mar 30 13:22:28 PDT 2022	NO_QUERY	jerry86	@angelalewis Plain performance ...
0	5598531932	Fri Feb 17 23:37:48 PDT 2023	NO_QUERY	jeffery25	@kent14 Worst ever #104 :(
2	7853531595	Thu Mar 25 05:06:26 PDT 2021	NO_QUERY	dicksonsteven	@dlang Nothing to write home about ...
2	8079063784	Mon Sep 04 08:49:54 PDT 2023	NO_QUERY	garrettangela	@athompson Standard experience ...
2	2416146914	Wed Jan 17 16:40:22 PDT 2024	NO_QUERY	rebeccawest	@erika56 Fair #126 ...
0	8802252827	Fri Nov 06 15:22:10 PDT 2020	NO_QUERY	cbrooks	@danielduran So bad :(
2	9805678403	Wed Aug 07 10:35:26 PDT 2024	NO_QUERY	dhurley	@amysimmons Not remarkable ...
0	3720030770	Sat Jul 24 22:11:12 PDT 2021	NO_QUERY	matthew34	@schmidtbenjamin Garbage #131 :(
0	7094293944	Thu Dec 03 02:32:53 PDT 2020	NO_QUERY	pattersonerika	@oleonard Really dissatisfied :(
0	5107319292	Thu Jun 25 21:36:59 PDT 2020	NO_QUERY	jwise	@sanchezmichael I regret this #92 :(
2	6293780569	Sun Jun 04 22:38:01 PDT 2023	NO_QUERY	bobbymunoz	@hectorbarry Expected outcome ...
2	9431731219	Sun Mar 06 05:33:59 PDT 2022	NO_QUERY	jillianyates	@jordanteresa In the middle #67 ...
4	9918853836	Wed Jun 03 13:00:29 PDT 2020	NO_QUERY	sharonbailey	@xzimmerman Beyond expectations #120 :)
2	7665633004	Sat Mar 20 08:32:16 PDT 2021	NO_QUERY	mikayla27	@dorseythomas It's fine #53 ...
2	6190482409	Sat Oct 23 11:21:43 PDT 2021	NO_QUERY	dbeasley	@amandacrosby Not good not bad ...
0	8994040607	Mon May 11 15:36:03 PDT 2020	NO_QUERY	kerriwilliams	@xbrown Unsatisfactory #95 :(
2	8100687444	Fri May 26 17:28:29 PDT 2023	NO_QUERY	derekpace	@garciajamie Usual stuff #115 ...
0	4344817033	Mon Sep 25 10:42:26 PDT 2023	NO_QUERY	yatesalicia	@denise02 Totally broken #128 :(
4	9175251964	Tue Sep 13 13:04:28 PDT 2022	NO_QUERY	montoyathomas	@velasquezashley I'm thrilled #119 :)
4	7890734590	Sun Nov 24 20:04:03 PDT 2024	NO_QUERY	vclark	@ysimpson Really satisfied #56 :)
2	8481043187	Tue Jan 21 09:18:01 PDT 2025	NO_QUERY	stephanie00	@pauldavis Unremarkable #127 ...
4	8958949979	Mon May 27 15:15:01 PDT 2024	NO_QUERY	ccollins	@dawnjohnson So impressive #89 :)
4	1025664412	Fri Oct 23 00:20:34 PDT 2020	NO_QUERY	egilbert	@pgilbert Top quality #109 :)
4	4000962785	Wed Feb 08 05:07:31 PDT 2023	NO_QUERY	imartin	@hernandezzachary Super happy :)
4	1181350093	Thu Jun 20 11:33:21 PDT 2024	NO_QUERY	ericvillarreal	@kennethpearson Terrific :)
4	6198237434	Sun Jan 12 06:59:51 PDT 2020	NO_QUERY	ntodd	@pbrown Perfect #62 :)
0	2338035312	Wed Dec 02 17:36:25 PDT 2020	NO_QUERY	medinastacie	@eric81 Not worth it :(
0	5354144522	Mon Feb 19 09:49:07 PDT 2024	NO_QUERY	angelaharris	@owright Hated the interface #73 :(
2	9744231893	Thu Sep 01 05:06:28 PDT 2022	NO_QUERY	alex11	@fosterroy It's fine ...
4	3738584072	Tue Aug 01 05:32:55 PDT 2023	NO_QUERY	tanner66	@smithalexander User-friendly and nice #77 :)
0	7418170846	Mon May 08 06:19:04 PDT 2023	NO_QUERY	tammy52	@brandy18 Too slow :(
0	1574614715	Thu Aug 03 22:26:30 PDT 2023	NO_QUERY	gravesjennifer	@kimberly16 So annoying #66 :(
4	5177143800	Tue Jan 21 20:00:18 PDT 2025	NO_QUERY	lferguson	@robertcarney Top quality #159 :)
0	9071421989	Thu Sep 10 11:50:54 PDT 2020	NO_QUERY	andersondouglas	@abernard Hated every moment #158 :(
2	1554415985	Fri May 22 13:00:16 PDT 2020	NO_QUERY	jacqueline74	@michelle80 Neither here nor there #59 ...
0	1660134531	Thu Oct 19 07:58:54 PDT 2023	NO_QUERY	ericksonjeffrey	@ronald23 I hate this :(
2	8607393507	Tue Feb 16 12:45:43 PDT 2021	NO_QUERY	stephen37	@jacob78 Average quality #110 ...
2	8322185197	Mon Sep 26 23:16:46 PDT 2022	NO_QUERY	walkerkevin	@robertsraymond Average quality #60 ...
0	7049577788	Sat Dec 28 04:36:09 PDT 2024	NO_QUERY	owenssarah	@andrewrodriguez Really bad idea #84 :(
2	4673625925	Sat May 11 15:19:46 PDT 2024	NO_QUERY	martintamara	@susan43 Nothing special #151 ...
4	6623378712	Sun Dec 27 09:00:13 PDT 2020	NO_QUERY	martinezmichelle	@fharris Well done #166 :)
4	7807800080	Wed Jun 21 02:39:57 PDT 2023	NO_QUERY	brian31	@lynnaudrey User-friendly and nice :)
4	1995791144	Thu May 18 16:38:20 PDT 2023	NO_QUERY	kristy59	@bobby13 Superb #80 :)
0	7804975318	Mon Dec 23 14:00:32 PDT 2024	NO_QUERY	tsalas	@mendezjulie Worse than expected :(
2	2126736139	Fri Jun 28 08:25:26 PDT 2024	NO_QUERY	frenchmichelle	@hsharp It's as expected #94 ...
0	9974400282	Tue Feb 25 02:56:56 PDT 2020	NO_QUERY	robert73	@anthony32 Worse than expected :(
4	3506576073	Sat Dec 23 03:46:52 PDT 2023	NO_QUERY	lesliefox	@tylermoody Super happy #96 :)
0	5296834432	Thu Feb 01 07:05:03 PDT 2024	NO_QUERY	omorgan	@catherine45 Hated every moment #108 :(
0	5620882637	Thu Nov 07 05:51:15 PDT 2024	NO_QUERY	johnsonjoshua	@twilliams Doesn't work :(
0	2646914090	Thu Jul 23 19:11:43 PDT 2020	NO_QUERY	baileyellen	@abarron Big mistake :(
0	8708541435	Thu Oct 22 04:11:41 PDT 2020	NO_QUERY	julienicholson	@jessica44 Full of problems :(
2	4472304136	Thu Mar 02 16:11:26 PDT 2023	NO_QUERY	gary55	@atorres Just average #52 ...
2	3692990600	Sun Jan 30 16:28:21 PDT 2022	NO_QUERY	hardinjessica	@lynn92 Ordinary #166 ...
0	7628226672	Sat Nov 06 01:23:25 PDT 2021	NO_QUERY	buckalexander	@luis65 I hate this #150 :(
0	5879145572	Sun Mar 26 10:29:42 PDT 2023	NO_QUERY	zoconnell	@rosetaylor Full of problems #129 :(
4	1888589156	Fri Jan 20 02:08:46 PDT 2023	NO_QUERY	ryancampos	@mariataylor Very impressed #158 :)
0	4299500080	Wed Apr 03 23:39:17 PDT 2024	NO_QUERY	qgonzalez	@kscott Ruined my day #61 :(
0	5149155769	Thu Sep 26 04:26:41 PDT 2024	NO_QUERY	thomas73	@knightjacob Full of problems #129 :(
4	1812692847	Tue Nov 16 11:23:23 PDT 2021	NO_QUERY	kent09	@brittney37 Wonderful! #98 :)
4	2516941239	Tue Jan 07 07:06:30 PDT 2020	NO_QUERY	andersonshawn	@nicholas09 Smooth experience :)
4	7515077352	Tue Jun 29 21:17:00 PDT 2021	NO_QUERY	norrisjoseph	@esmith Inspiring #136 :)
0	7968311736	Sun Nov 12 15:25:53 PDT 2023	NO_QUERY	stephanie16	@elizabeth50 Defective #133 :(
4	2005464505	Sat Nov 30 21:35:58 PDT 2024	NO_QUERY	bryan03	@hwilliamson I'm thrilled :)
4	8032145808	Mon Apr 24 16:57:17 PDT 2023	NO_QUERY	pamela05	@vmartin Highly recommended :)
0	3696282105	Thu Nov 11 06:50:54 PDT 2021	NO_QUERY	christopherthomas	@murraygary Worst ever #54 :(
4	3042642083	Fri Oct 11 09:51:09 PDT 2024	NO_QUERY	scottmoore	@mitchell86 Terrific #115 :)
4	8046549882	Tue Jan 02 16:13:06 PDT 2024	NO_QUERY	craig57	@nathan47 Terrific :)
0	9105007687	Thu Dec 05 22:57:04 PDT 2024	NO_QUERY	gardnermark	@kenneth50 I hate this #50 :(
0	1287456705	Sun Feb 20 03:22:57 PDT 2022	NO_QUERY	briggsamber	@alibrittany I regret this #92 :(
2	9605798879	Mon Aug 10 08:43:09 PDT 2020	NO_QUERY	choistephanie	@vcollins Usual #86 ...
4	6482107056	Wed May 17 07:08:19 PDT 2023	NO_QUERY	monicaroberts	@deborahlane Flawless #85 :)
4	3528689006	Mon Jun 15 02:10:26 PDT 2020	NO_QUERY	mariarodriguez	@phillipsspencer Absolutely love it #88 :)
2	5498265374	Sat Apr 02 17:49:45 PDT 2022	NO_QUERY	ewright	@froman Basic #135 ...
4	2170521076	Tue Nov 22 15:22:53 PDT 2022	NO_QUERY	patrick37	@oibarra Top quality #109 :)
4	7962251384	Fri Jul 09 12:12:38 PDT 2021	NO_QUERY	dorothytaylor	@ccabrera So impressive #139 :)
2	4057560418	Sat Sep 14 10:31:52 PDT 2024	NO_QUERY	victorrobinson	@fwoodard Mildly acceptable ...
0	4250739008	Tue Aug 01 14:14:16 PDT 2023	NO_QUERY	michael25	@wbrown I hate this :(
4	6007953357	Fri Jan 28 07:49:50 PDT 2022	NO_QUERY	rwashington	@nharper Everything is perfect #99 :)
2	7931125993	Wed Jan 12 07:09:37 PDT 2022	NO_QUERY	mary29	@michael60 Fair ...
2	9163331042	Wed Aug 12 18:50:45 PDT 2020	NO_QUERY	loveevelyn	@darrell61 Meh #105 ...
4	4352821939	Sat Feb 10 18:38:51 PDT 2024	NO_QUERY	michaelmiller	@fcharles Just amazing :)
2	2160278370	Mon Aug 07 05:18:25 PDT 2023	NO_QUERY	rwilliams	@isavage Expected outcome ...
4	8715329539	Wed Mar 29 23:19:00 PDT 2023	NO_QUERY	ethan68	@valerie25 Perfectly done #140 :)
2	1632345138	Sun Jan 03 11:35:38 PDT 2021	NO_QUERY	xfarrell	@lcoleman Basic ...
0	2559801519	Thu Feb 06 17:47:45 PDT 2025	NO_QUERY	fuenteschad	@elizabeth29 Disaster #138 :(
2	8350031513	Tue Mar 14 07:25:04 PDT 2023	NO_QUERY	nunezchristopher	@jennifer24 No big deal #97 ...
0	6100003473	Fri Dec 16 07:15:18 PDT 2022	NO_QUERY	robertszachary	@iparker Disaster #88 :(
2	3117141903	Sat Dec 18 05:16:45 PDT 2021	NO_QUERY	hrodriguez	@heatherstout Normal #120 ...
2	8401067318	Wed May 27 18:47:25 PDT 2020	NO_QUERY	megantrevino	@nparker Mediocre #158 ...
4	9752452563	Sun Apr 19 09:10:44 PDT 2020	NO_QUERY	dpena	@walshgary Perfectly done :)
4	2745363975	Sun Apr 18 09:47:23 PDT 2021	NO_QUERY	anna07	@alejandro67 Awesome work #64 :)
4	4321778811	Thu Apr 17 18:29:12 PDT 2025	NO_QUERY	barryaaron	@samuel62 Beyond expectations :)
4	5062794649	Fri Jul 03 16:58:36 PDT 2020	NO_QUERY	zmiller	@arthur90 Excellent service :)
2	8542161043	Wed Sep 21 15:40:39 PDT 2022	NO_QUERY	collinsmonica	@courtney72 Neither impressed nor disappointed #122 ...
0	6631458994	Wed Jan 22 02:15:42 PDT 2025	NO_QUERY	tracybrown	@obrienkrystal Major letdown #93 :(
2	7554485881	Thu May 26 05:07:41 PDT 2022	NO_QUERY	kpayne	@tscott Just average #152 ...
0	2898785097	Sun Aug 07 07:37:49 PDT 2022	NO_QUERY	keith66	@jennifer27 This is terrible #101 :(
0	9340129886	Thu Feb 06 13:55:25 PDT 2025	NO_QUERY	kevindavis	@jody48 I'm upset #69 :(
2	5776568564	Tue Dec 12 06:15:11 PDT 2023	NO_QUERY	kruegermadison	@buckleyjeremiah Just average #52 ...
4	4348629569	Tue Jan 14 02:54:07 PDT 2025	NO_QUERY	alexander82	@karen06 Best ever! #51 :)
4	5826356532	Sat May 21 21:34:57 PDT 2022	NO_QUERY	wilkinsryan	@jhogan Everything is perfect #99 :)
0	6530145497	Fri Jun 04 01:44:02 PDT 2021	NO_QUERY	croach	@brendamartinez This is terrible :(
0	2652100796	Wed Dec 22 05:27:58 PDT 2021	NO_QUERY	torresanthony	@gordon38 Not worth it #105 :(
4	1601669300	Mon Oct 03 07:47:20 PDT 2022	NO_QUERY	kimberlypetersen	@donaldhenry Superb #80 :)
0	8447195516	Mon Dec 05 23:55:45 PDT 2022	NO_QUERY	colemansheila	@wcollins Horrible support #117 :(
2	3332422576	Sun Apr 05 23:20:19 PDT 2020	NO_QUERY	erik41	@martineztimothy Neither impressed nor disappointed #122 ...
4	9868767095	Mon Feb 17 15:25:29 PDT 2025	NO_QUERY	rachel77	@donna21 So much fun #124 :)
4	6579526244	Wed May 15 07:35:50 PDT 2024	NO_QUERY	william38	@daniel33 Superb #80 :)
2	5203584574	Wed Jul 10 12:39:41 PDT 2024	NO_QUERY	rodriguezsean	@jesse95 Decent #168 ...
4	1469175099	Fri Nov 19 12:53:21 PDT 2021	NO_QUERY	ljones	@eric59 Absolutely love it #88 :)
4	6572425457	Sat Mar 22 08:05:23 PDT 2025	NO_QUERY	gomezsara	@rodriguezheather Great performance :)
0	5759110548	Sun Apr 19 10:19:39 PDT 2020	NO_QUERY	jasonsingh	@aburch Not worth it #55 :(
2	9632460420	Wed Aug 05 23:07:25 PDT 2020	NO_QUERY	cameronmcdonald	@mariafranco Not good not bad #104 ...
2	5185032891	Sat Jul 24 20:22:21 PDT 2021	NO_QUERY	martinezjessica	@paula40 Expected outcome #81 ...
0	5929786168	Mon Apr 17 04:22:18 PDT 2023	NO_QUERY	sosabrianna	@mcconnellsamuel Worse than expected #146 :(
4	5788037773	Thu Feb 23 14:05:14 PDT 2023	NO_QUERY	matthewpatton	@zcompton Perfect #62 :)
4	1515255546	Sat Aug 10 23:54:23 PDT 2024	NO_QUERY	alanward	@cbailey I'm thrilled :)
2	8557839462	Mon Jul 03 07:04:53 PDT 2023	NO_QUERY	olivianguyen	@allison85 Average performance #121 ...
4	1138097225	Wed Apr 09 02:07:44 PDT 2025	NO_QUERY	youngzachary	@marquezshelley I love it #100 :)
